id,title,description,section,phase,priority,priority_score,status,source_file,line_number
main_tasks.md_1,,,Infrastructure & Monitoring (CRITICAL - 5 days),,MEDIUM,3,pending,main_tasks.md,59
main_tasks.md_2,,,Infrastructure & Monitoring (CRITICAL - 5 days),,MEDIUM,3,pending,main_tasks.md,64
main_tasks.md_3,,,Infrastructure & Monitoring (CRITICAL - 5 days),,MEDIUM,3,pending,main_tasks.md,70
main_tasks.md_4,,,Comprehensive Testing Suite (CRITICAL - 7 days),,MEDIUM,3,pending,main_tasks.md,77
main_tasks.md_5,,,Comprehensive Testing Suite (CRITICAL - 7 days),,MEDIUM,3,pending,main_tasks.md,83
main_tasks.md_6,,,Enterprise Security & Compliance (CRITICAL - 6 days),,MEDIUM,3,pending,main_tasks.md,91
main_tasks.md_7,,,Enterprise Security & Compliance (CRITICAL - 6 days),,MEDIUM,3,pending,main_tasks.md,96
main_tasks.md_8,,,Enterprise Security & Compliance (CRITICAL - 6 days),,MEDIUM,3,pending,main_tasks.md,101
main_tasks.md_9,,,Accessibility & User Experience (HIGH - 5 days),,MEDIUM,3,pending,main_tasks.md,110
main_tasks.md_10,,,Accessibility & User Experience (HIGH - 5 days),,MEDIUM,3,pending,main_tasks.md,116
main_tasks.md_11,,,Documentation Excellence (HIGH - 3 days),,MEDIUM,3,pending,main_tasks.md,124
main_tasks.md_12,,,Documentation Excellence (HIGH - 3 days),,MEDIUM,3,pending,main_tasks.md,129
main_tasks.md_13,,,ML-Powered Viral Optimization (MEDIUM - 10 days),,MEDIUM,3,pending,main_tasks.md,138
main_tasks.md_14,,,ML-Powered Viral Optimization (MEDIUM - 10 days),,MEDIUM,3,pending,main_tasks.md,143
main_tasks.md_15,,,Advanced Analytics & Business Intelligence (MEDIUM - 7 days),,MEDIUM,3,pending,main_tasks.md,150
main_tasks.md_16,,,Advanced Analytics & Business Intelligence (MEDIUM - 7 days),,MEDIUM,3,pending,main_tasks.md,155
main_tasks.md_17,812-line production database schema,with comprehensive viral mechanics,Enhanced Viral Mechanics Database Infrastructure (COMPLETED),,MEDIUM,3,completed,main_tasks.md,166
main_tasks.md_18,Viral score algorithm,"with engagement, shares, time decay, and tier bonuses",Enhanced Viral Mechanics Database Infrastructure (COMPLETED),,MEDIUM,3,completed,main_tasks.md,167
main_tasks.md_19,Lifetime commission system,with progressive 20%â†’25%â†’40% rates,Enhanced Viral Mechanics Database Infrastructure (COMPLETED),,MEDIUM,3,completed,main_tasks.md,168
main_tasks.md_20,Free Pro milestone automation,(10 referrals = 12 months free Pro),Enhanced Viral Mechanics Database Infrastructure (COMPLETED),,MEDIUM,3,completed,main_tasks.md,169
main_tasks.md_21,Auto-featuring triggers,every 5 external shares with viral boost,Enhanced Viral Mechanics Database Infrastructure (COMPLETED),,MEDIUM,3,completed,main_tasks.md,170
main_tasks.md_22,15+ PostgreSQL functions,for real-time viral processing,Enhanced Viral Mechanics Database Infrastructure (COMPLETED),,MEDIUM,3,completed,main_tasks.md,171
main_tasks.md_23,30+ performance indexes,for sub-200ms query optimization,Enhanced Viral Mechanics Database Infrastructure (COMPLETED),,MEDIUM,3,completed,main_tasks.md,172
main_tasks.md_24,Complete RLS policies,for enterprise-grade financial security,Enhanced Viral Mechanics Database Infrastructure (COMPLETED),,MEDIUM,3,completed,main_tasks.md,173
main_tasks.md_25,Real-time triggers,for Pro showcase and viral updates,Enhanced Viral Mechanics Database Infrastructure (COMPLETED),,MEDIUM,3,completed,main_tasks.md,174
main_tasks.md_26,External share tracking,with platform-specific multipliers,Enhanced Viral Mechanics Database Infrastructure (COMPLETED),,MEDIUM,3,completed,main_tasks.md,175
main_tasks.md_27,Commission calculation engine,with audit trails,Enhanced Viral Mechanics Database Infrastructure (COMPLETED),,MEDIUM,3,completed,main_tasks.md,176
main_tasks.md_28,Demo data seeder,with 9 sample Pro showcase sites,Enhanced Viral Mechanics Database Infrastructure (COMPLETED),,MEDIUM,3,completed,main_tasks.md,177
main_tasks.md_29,ProShowcaseGrid,component with viral score ordering,Enhanced React Components (COMPLETED),,MEDIUM,3,completed,main_tasks.md,180
main_tasks.md_30,ShareTracker,component with external platform integration,Enhanced React Components (COMPLETED),,MEDIUM,3,completed,main_tasks.md,181
main_tasks.md_31,EnhancedReferralDashboard,with commission tracking and milestone progress,Enhanced React Components (COMPLETED),,MEDIUM,3,completed,main_tasks.md,182
main_tasks.md_32,UserDashboard,with new Commissions tab and viral metrics,Enhanced React Components (COMPLETED),,MEDIUM,3,completed,main_tasks.md,183
main_tasks.md_33,PoweredByFooter,with viral attribution system,Enhanced React Components (COMPLETED),,MEDIUM,3,completed,main_tasks.md,184
main_tasks.md_34,Enhanced Supabase integration,with 25+ viral helper functions,Enhanced React Components (COMPLETED),,MEDIUM,3,completed,main_tasks.md,185
main_tasks.md_35,Real-time subscriptions,for viral score updates,Enhanced React Components (COMPLETED),,MEDIUM,3,completed,main_tasks.md,186
main_tasks.md_36,Complete TypeScript types,for database schema,Enhanced React Components (COMPLETED),,MEDIUM,3,completed,main_tasks.md,187
main_tasks.md_37,Row Level Security policies,for all financial operations,Security & Performance (COMPLETED),,MEDIUM,3,completed,main_tasks.md,190
main_tasks.md_38,Audit trail system,for commission processing,Security & Performance (COMPLETED),,MEDIUM,3,completed,main_tasks.md,191
main_tasks.md_39,Performance optimization,designed for 10M+ users,Security & Performance (COMPLETED),,MEDIUM,3,completed,main_tasks.md,192
main_tasks.md_40,Error handling and logging,throughout viral components,Security & Performance (COMPLETED),,MEDIUM,3,completed,main_tasks.md,193
main_tasks.md_41,Rate limiting protection,for viral function calls,Security & Performance (COMPLETED),,MEDIUM,3,completed,main_tasks.md,194
main_tasks.md_42,Fraud prevention measures,in share tracking,Security & Performance (COMPLETED),,MEDIUM,3,completed,main_tasks.md,195
main_tasks.md_43,Production deployment guide,with step-by-step Supabase setup,Comprehensive Documentation (COMPLETED),,MEDIUM,3,completed,main_tasks.md,198
main_tasks.md_44,Enhanced setup guide,with viral features testing,Comprehensive Documentation (COMPLETED),,MEDIUM,3,completed,main_tasks.md,199
main_tasks.md_45,Database schema documentation,with function explanations,Comprehensive Documentation (COMPLETED),,MEDIUM,3,completed,main_tasks.md,200
main_tasks.md_46,Viral mechanics specification,with mathematical formulas,Comprehensive Documentation (COMPLETED),,MEDIUM,3,completed,main_tasks.md,201
main_tasks.md_47,Testing scripts,for viral features validation,Comprehensive Documentation (COMPLETED),,MEDIUM,3,completed,main_tasks.md,202
main_tasks.md_48,Demo data and test scenarios,for quality assurance,Comprehensive Documentation (COMPLETED),,MEDIUM,3,completed,main_tasks.md,203
main_tasks.md_49,Research and design glass morphism aesthetic,,Glass Morphism UI Transformation (COMPLETED),,MEDIUM,3,completed,main_tasks.md,206
main_tasks.md_50,Create comprehensive CSS system with backdrop filters,,Glass Morphism UI Transformation (COMPLETED),,MEDIUM,3,completed,main_tasks.md,207
main_tasks.md_51,Implement layered glass containers with proper z-indexing,,Glass Morphism UI Transformation (COMPLETED),,MEDIUM,3,completed,main_tasks.md,208
main_tasks.md_52,Add gradient mesh background with animation,,Glass Morphism UI Transformation (COMPLETED),,MEDIUM,3,completed,main_tasks.md,209
main_tasks.md_53,Build glass input components with inset shadows,,Glass Morphism UI Transformation (COMPLETED),,MEDIUM,3,completed,main_tasks.md,210
main_tasks.md_54,Create glass buttons with hover effects,,Glass Morphism UI Transformation (COMPLETED),,MEDIUM,3,completed,main_tasks.md,211
main_tasks.md_55,Implement glass cards for content sections,,Glass Morphism UI Transformation (COMPLETED),,MEDIUM,3,completed,main_tasks.md,212
main_tasks.md_56,Add shimmer animations for loading states,,Glass Morphism UI Transformation (COMPLETED),,MEDIUM,3,completed,main_tasks.md,213
main_tasks.md_57,"Create circular ""Give Me 4site!"" button",,Glass Morphism UI Transformation (COMPLETED),,MEDIUM,3,completed,main_tasks.md,214
main_tasks.md_58,Test cross-browser compatibility,,Glass Morphism UI Transformation (COMPLETED),,MEDIUM,3,completed,main_tasks.md,215
main_tasks.md_59,Design ProfessionalDarkTemplate layout,,Professional Deep Analysis,,MEDIUM,3,completed,main_tasks.md,218
main_tasks.md_60,Implement animated grid background,,Professional Deep Analysis,,MEDIUM,3,completed,main_tasks.md,219
main_tasks.md_61,Add parallax effects on mouse movement,,Professional Deep Analysis,,MEDIUM,3,completed,main_tasks.md,220
main_tasks.md_62,Create Mac dock-style navigation,,Professional Deep Analysis,,MEDIUM,3,completed,main_tasks.md,221
main_tasks.md_63,Build comprehensive repository analyzer,,Professional Deep Analysis,,MEDIUM,3,completed,main_tasks.md,222
main_tasks.md_64,"Fetch GitHub statistics (commits, contributors, stars)",,Professional Deep Analysis,,MEDIUM,3,completed,main_tasks.md,223
main_tasks.md_65,Implement dynamic title generation,,Professional Deep Analysis,,MEDIUM,3,completed,main_tasks.md,224
main_tasks.md_66,Add code quality scoring system,,Professional Deep Analysis,,MEDIUM,3,completed,main_tasks.md,225
main_tasks.md_67,Create interactive tech stack badges,,Professional Deep Analysis,,MEDIUM,3,completed,main_tasks.md,226
main_tasks.md_68,"Add ""Made with 4site.pro"" branding",,Professional Deep Analysis,,MEDIUM,3,completed,main_tasks.md,227
main_tasks.md_69,Design comprehensive Supabase schema (812 lines),,Enhanced Viral Mechanics Database (COMPLETED âœ…),,MEDIUM,3,completed,main_tasks.md,230
main_tasks.md_70,Implement viral score algorithm with mathematical precision,,Enhanced Viral Mechanics Database (COMPLETED âœ…),,MEDIUM,3,completed,main_tasks.md,231
main_tasks.md_71,Create lifetime commission system (20%â†’25%â†’40%),,Enhanced Viral Mechanics Database (COMPLETED âœ…),,MEDIUM,3,completed,main_tasks.md,232
main_tasks.md_72,Build Free Pro milestone system (10 referrals),,Enhanced Viral Mechanics Database (COMPLETED âœ…),,MEDIUM,3,completed,main_tasks.md,233
main_tasks.md_73,Add external share tracking with viral boosts,,Enhanced Viral Mechanics Database (COMPLETED âœ…),,MEDIUM,3,completed,main_tasks.md,234
main_tasks.md_74,Implement Row Level Security policies,,Enhanced Viral Mechanics Database (COMPLETED âœ…),,MEDIUM,3,completed,main_tasks.md,235
main_tasks.md_75,Create stored procedures and triggers,,Enhanced Viral Mechanics Database (COMPLETED âœ…),,MEDIUM,3,completed,main_tasks.md,236
main_tasks.md_76,Add performance indexes and materialized views,,Enhanced Viral Mechanics Database (COMPLETED âœ…),,MEDIUM,3,completed,main_tasks.md,237
main_tasks.md_77,BLOCKING,Set up production Supabase project,Database Foundation (URGENT - Days 1-3),,CRITICAL,5,pending,main_tasks.md,242
main_tasks.md_78,BLOCKING,Deploy 812-line viral mechanics schema,Database Foundation (URGENT - Days 1-3),,CRITICAL,5,pending,main_tasks.md,243
main_tasks.md_79,CRITICAL,Configure environment variables and API keys,Database Foundation (URGENT - Days 1-3),,CRITICAL,5,pending,main_tasks.md,244
main_tasks.md_80,CRITICAL,Generate TypeScript types from database,Database Foundation (URGENT - Days 1-3),,CRITICAL,5,pending,main_tasks.md,245
main_tasks.md_81,HIGH,Test all stored procedures and functions,Database Foundation (URGENT - Days 1-3),,HIGH,4,pending,main_tasks.md,246
main_tasks.md_82,HIGH,Validate Row Level Security policies,Database Foundation (URGENT - Days 1-3),,HIGH,4,pending,main_tasks.md,247
main_tasks.md_83,MEDIUM,Set up database monitoring and backups,Database Foundation (URGENT - Days 1-3),,MEDIUM,3,pending,main_tasks.md,248
main_tasks.md_84,CRITICAL,Build ProShowcaseGrid with viral score ordering,Frontend Viral Components (HIGH - Days 4-7),,CRITICAL,5,pending,main_tasks.md,251
main_tasks.md_85,CRITICAL,Create Enhanced Referral Dashboard,Frontend Viral Components (HIGH - Days 4-7),,CRITICAL,5,pending,main_tasks.md,252
main_tasks.md_86,HIGH,Implement ShareTracker for external platforms,Frontend Viral Components (HIGH - Days 4-7),,HIGH,4,pending,main_tasks.md,253
main_tasks.md_87,HIGH,Build PoweredBy Footer with attribution,Frontend Viral Components (HIGH - Days 4-7),,HIGH,4,pending,main_tasks.md,254
main_tasks.md_88,HIGH,Create viral analytics visualization,Frontend Viral Components (HIGH - Days 4-7),,HIGH,4,pending,main_tasks.md,255
main_tasks.md_89,MEDIUM,Add real-time update subscriptions,Frontend Viral Components (HIGH - Days 4-7),,MEDIUM,3,pending,main_tasks.md,256
main_tasks.md_90,MEDIUM,Implement mobile-responsive viral UI,Frontend Viral Components (HIGH - Days 4-7),,MEDIUM,3,pending,main_tasks.md,257
main_tasks.md_91,CRITICAL,Integrate Supabase Auth with referral tracking,Authentication & Integration (HIGH - Days 4-6),,CRITICAL,5,pending,main_tasks.md,260
main_tasks.md_92,HIGH,Create user profile management system,Authentication & Integration (HIGH - Days 4-6),,HIGH,4,pending,main_tasks.md,261
main_tasks.md_93,HIGH,Build referral code attribution logic,Authentication & Integration (HIGH - Days 4-6),,HIGH,4,pending,main_tasks.md,262
main_tasks.md_94,MEDIUM,Add social login options,Authentication & Integration (HIGH - Days 4-6),,MEDIUM,3,pending,main_tasks.md,263
main_tasks.md_95,MEDIUM,Implement authentication context,Authentication & Integration (HIGH - Days 4-6),,MEDIUM,3,pending,main_tasks.md,264
main_tasks.md_96,LOW,Create password reset flow,Authentication & Integration (HIGH - Days 4-6),,LOW,2,pending,main_tasks.md,265
main_tasks.md_97,Fix Puppeteer MCP connection issues,,Week 1 (Priority: High),,MEDIUM,3,pending,main_tasks.md,270
main_tasks.md_98,Add error boundary for graceful failures,,Week 1 (Priority: High),,MEDIUM,3,pending,main_tasks.md,271
main_tasks.md_99,Implement retry logic for API calls,,Week 1 (Priority: High),,MEDIUM,3,pending,main_tasks.md,272
main_tasks.md_100,Create user onboarding flow,,Week 1 (Priority: High),,LOW,2,pending,main_tasks.md,273
main_tasks.md_101,Add analytics tracking,,Week 1 (Priority: High),,MEDIUM,3,pending,main_tasks.md,274
main_tasks.md_102,Build video generation pipeline,,Week 2 (Priority: Medium),,MEDIUM,3,pending,main_tasks.md,277
main_tasks.md_103,Create slideshow templates,,Week 2 (Priority: Medium),,MEDIUM,3,pending,main_tasks.md,278
main_tasks.md_104,Add export functionality,,Week 2 (Priority: Medium),,MEDIUM,3,pending,main_tasks.md,279
main_tasks.md_105,Implement caching strategy,,Week 2 (Priority: Medium),,MEDIUM,3,pending,main_tasks.md,280
main_tasks.md_106,Create admin dashboard,,Week 2 (Priority: Medium),,MEDIUM,3,pending,main_tasks.md,281
main_tasks.md_107,Add multi-language support,,Week 3 (Priority: Low),,MEDIUM,3,pending,main_tasks.md,284
main_tasks.md_108,Create documentation site,,Week 3 (Priority: Low),,MEDIUM,3,pending,main_tasks.md,285
main_tasks.md_109,Build community features,,Week 3 (Priority: Low),,MEDIUM,3,pending,main_tasks.md,286
main_tasks.md_110,Add webhook integrations,,Week 3 (Priority: Low),,MEDIUM,3,pending,main_tasks.md,287
main_tasks.md_111,Implement A/B testing,,Week 3 (Priority: Low),,MEDIUM,3,pending,main_tasks.md,288
main_tasks.md_112,Fix glass morphism rendering on Safari,,Critical,,MEDIUM,3,completed,main_tasks.md,293
main_tasks.md_113,Resolve memory leak in deep analysis,,Critical,,MEDIUM,3,completed,main_tasks.md,294
main_tasks.md_114,Fix Puppeteer MCP browser connection,,Critical,,MEDIUM,3,pending,main_tasks.md,295
main_tasks.md_115,Fix gradient text rendering on Firefox,,High Priority,,MEDIUM,3,completed,main_tasks.md,298
main_tasks.md_116,Resolve z-index conflicts in modals,,High Priority,,MEDIUM,3,completed,main_tasks.md,299
main_tasks.md_117,Fix mobile viewport issues,,High Priority,,MEDIUM,3,pending,main_tasks.md,300
main_tasks.md_118,Improve error messages,,Low Priority,,MEDIUM,3,pending,main_tasks.md,303
main_tasks.md_119,Add loading skeleton screens,,Low Priority,,MEDIUM,3,pending,main_tasks.md,304
main_tasks.md_120,Optimize animation performance,,Low Priority,,MEDIUM,3,pending,main_tasks.md,305
main_tasks.md_121,Video generation MVP,,Next Sprint (July 2025),,MEDIUM,3,pending,main_tasks.md,333
main_tasks.md_122,Performance optimization,,Next Sprint (July 2025),,MEDIUM,3,pending,main_tasks.md,334
main_tasks.md_123,Documentation site,,Next Sprint (July 2025),,MEDIUM,3,pending,main_tasks.md,335
main_tasks.md_124,Community features,,Next Sprint (July 2025),,MEDIUM,3,pending,main_tasks.md,336
main_tasks.md_125,Premium tier launch,,Next Sprint (July 2025),,MEDIUM,3,pending,main_tasks.md,337
main_tasks.md_126,Create production Supabase project,at https://supabase.com/dashboard/new-project,Phase 1: Production Supabase Deployment (BLOCKING - 2-3 hours),,MEDIUM,3,pending,main_tasks.md,357
main_tasks.md_127,Deploy enhanced viral mechanics schema,(812 lines),Phase 1: Production Supabase Deployment (BLOCKING - 2-3 hours),,MEDIUM,3,pending,main_tasks.md,361
main_tasks.md_128,,,Phase 1: Production Supabase Deployment (BLOCKING - 2-3 hours),,MEDIUM,3,pending,main_tasks.md,366
main_tasks.md_129,Generate TypeScript types,from deployed schema,Phase 1: Production Supabase Deployment (BLOCKING - 2-3 hours),,MEDIUM,3,pending,main_tasks.md,371
main_tasks.md_130,,,Phase 2: Viral Mechanics Validation (CRITICAL - 4-6 hours),,MEDIUM,3,pending,main_tasks.md,377
main_tasks.md_131,,,Phase 2: Viral Mechanics Validation (CRITICAL - 4-6 hours),,MEDIUM,3,pending,main_tasks.md,382
main_tasks.md_132,,,Phase 2: Viral Mechanics Validation (CRITICAL - 4-6 hours),,LOW,2,pending,main_tasks.md,387
main_tasks.md_133,,,Phase 2: Viral Mechanics Validation (CRITICAL - 4-6 hours),,MEDIUM,3,pending,main_tasks.md,391
main_tasks.md_134,,,Phase 3: User Experience Validation (HIGH PRIORITY - 2-4 hours),,MEDIUM,3,pending,main_tasks.md,397
main_tasks.md_135,,,Phase 3: User Experience Validation (HIGH PRIORITY - 2-4 hours),,MEDIUM,3,pending,main_tasks.md,402
main_tasks.md_136,,,Phase 3: User Experience Validation (HIGH PRIORITY - 2-4 hours),,MEDIUM,3,pending,main_tasks.md,406
main_tasks.md_137,,,Week 1-2: Scale Optimization,,MEDIUM,3,pending,main_tasks.md,414
main_tasks.md_138,,,Week 1-2: Scale Optimization,,MEDIUM,3,pending,main_tasks.md,419
main_tasks.md_139,,,ðŸ’° Month 1-2: Revenue Optimization,,MEDIUM,3,pending,main_tasks.md,426
main_tasks.md_140,,,ðŸ’° Month 1-2: Revenue Optimization,,MEDIUM,3,pending,main_tasks.md,431
main_tasks.md_141,,,ðŸŒŸ Month 3-6: Platform Leadership,,MEDIUM,3,pending,main_tasks.md,438
main_tasks.md_142,,,ðŸŒŸ Month 3-6: Platform Leadership,,MEDIUM,3,pending,main_tasks.md,443
main_tasks.md_143,Regular security audits of financial operations,,Security & Compliance (Ongoing),,MEDIUM,3,pending,main_tasks.md,452
main_tasks.md_144,GDPR and SOC2 compliance validation,,Security & Compliance (Ongoing),,MEDIUM,3,pending,main_tasks.md,453
main_tasks.md_145,Penetration testing of viral mechanics,,Security & Compliance (Ongoing),,MEDIUM,3,pending,main_tasks.md,454
main_tasks.md_146,Financial transaction monitoring and alerting,,Security & Compliance (Ongoing),,MEDIUM,3,pending,main_tasks.md,455
main_tasks.md_147,Database query optimization and indexing review,,Performance & Scalability (Ongoing),,MEDIUM,3,pending,main_tasks.md,458
main_tasks.md_148,CDN optimization for global viral content delivery,,Performance & Scalability (Ongoing),,MEDIUM,3,pending,main_tasks.md,459
main_tasks.md_149,Real-time system monitoring and alerting,,Performance & Scalability (Ongoing),,MEDIUM,3,pending,main_tasks.md,460
main_tasks.md_150,Capacity planning for exponential growth,,Performance & Scalability (Ongoing),,MEDIUM,3,pending,main_tasks.md,461
main_tasks.md_151,99.9% Uptime Target,(8.76 hours downtime/year maximum),Technical Excellence Gates,,MEDIUM,3,pending,main_tasks.md,491
main_tasks.md_152,<200ms API Response,under 10M+ concurrent users,Technical Excellence Gates,,MEDIUM,3,pending,main_tasks.md,492
main_tasks.md_153,100% Test Coverage,across all components and functions,Technical Excellence Gates,,MEDIUM,3,pending,main_tasks.md,493
main_tasks.md_154,<0.1% Error Rate,in production environment,Technical Excellence Gates,,MEDIUM,3,pending,main_tasks.md,494
main_tasks.md_155,Zero Critical Security Vulnerabilities,(verified by 3rd party audit),Technical Excellence Gates,,CRITICAL,5,pending,main_tasks.md,495
main_tasks.md_156,Viral Coefficient >1.5,(organic growth multiplier),Business Performance Gates,,MEDIUM,3,pending,main_tasks.md,498
main_tasks.md_157,30% Free-to-Paid Conversion,rate achievement,Business Performance Gates,,MEDIUM,3,pending,main_tasks.md,499
main_tasks.md_158,90% Monthly User Retention,rate maintenance,Business Performance Gates,,MEDIUM,3,pending,main_tasks.md,500
main_tasks.md_159,>4.9/5 Customer Satisfaction,score (verified reviews),Business Performance Gates,,MEDIUM,3,pending,main_tasks.md,501
main_tasks.md_160,<24 Hour Incident Response,time for critical issues,Business Performance Gates,,CRITICAL,5,pending,main_tasks.md,502
main_tasks.md_161,SOC2 Type II Certification,completion,Compliance & Security Gates,,MEDIUM,3,pending,main_tasks.md,505
main_tasks.md_162,GDPR Compliance Audit,passed with zero violations,Compliance & Security Gates,,MEDIUM,3,pending,main_tasks.md,506
main_tasks.md_163,WCAG AAA Accessibility,compliance verified,Compliance & Security Gates,,MEDIUM,3,pending,main_tasks.md,507
main_tasks.md_164,Penetration Testing,passed with zero critical findings,Compliance & Security Gates,,CRITICAL,5,pending,main_tasks.md,508
main_tasks.md_165,Financial Audit Trail,100% accuracy validation,Compliance & Security Gates,,MEDIUM,3,pending,main_tasks.md,509
detailed_tasks.md_1,Enhanced Viral Schema,Created 812-line production PostgreSQL schema,Database & Infrastructure,,MEDIUM,3,completed,detailed_tasks.md,8
detailed_tasks.md_2,Viral Functions,Implemented 15+ database functions for automation,Database & Infrastructure,,MEDIUM,3,completed,detailed_tasks.md,9
detailed_tasks.md_3,Performance Indexes,Added 30+ optimized indexes for sub-200ms queries,Database & Infrastructure,,MEDIUM,3,completed,detailed_tasks.md,10
detailed_tasks.md_4,Row Level Security,Complete RLS policies for enterprise security,Database & Infrastructure,,MEDIUM,3,completed,detailed_tasks.md,11
detailed_tasks.md_5,Real-time Triggers,Auto-featuring and viral score update triggers,Database & Infrastructure,,MEDIUM,3,completed,detailed_tasks.md,12
detailed_tasks.md_6,ShareTracker Component,External share tracking with platform boosts,Frontend Components,,MEDIUM,3,completed,detailed_tasks.md,15
detailed_tasks.md_7,ProShowcaseGrid Component,Viral score-ordered Pro user showcase,Frontend Components,,MEDIUM,3,completed,detailed_tasks.md,16
detailed_tasks.md_8,EnhancedReferralDashboard,Commission tracking and milestone progress,Frontend Components,,MEDIUM,3,completed,detailed_tasks.md,17
detailed_tasks.md_9,PoweredByFooter,Viral growth attribution component,Frontend Components,,MEDIUM,3,completed,detailed_tasks.md,18
detailed_tasks.md_10,Supabase Client Enhancement,Added 25+ viral mechanics helper functions,Backend Integration,,MEDIUM,3,completed,detailed_tasks.md,21
detailed_tasks.md_11,Type Definitions,Complete database type safety implementation,Backend Integration,,MEDIUM,3,completed,detailed_tasks.md,22
detailed_tasks.md_12,Real-time Subscriptions,Live viral score and share tracking,Backend Integration,,MEDIUM,3,completed,detailed_tasks.md,23
detailed_tasks.md_13,Environment Configuration,Comprehensive production setup,Backend Integration,,MEDIUM,3,completed,detailed_tasks.md,24
detailed_tasks.md_14,README.md Enhancement,Prominent viral mechanics section,Documentation,,MEDIUM,3,completed,detailed_tasks.md,27
detailed_tasks.md_15,Production Setup Guide,Complete Supabase deployment instructions,Documentation,,MEDIUM,3,completed,detailed_tasks.md,28
detailed_tasks.md_16,PLANNING.md,Detailed progress tracking and business projections,Documentation,,MEDIUM,3,completed,detailed_tasks.md,29
detailed_tasks.md_17,Environment Template,Enhanced .env.example with 100+ variables,Documentation,,MEDIUM,3,completed,detailed_tasks.md,30
detailed_tasks.md_18,All viral functions return valid results,,Task 1.1: Production Supabase Setup,,MEDIUM,3,pending,detailed_tasks.md,73
detailed_tasks.md_19,Query performance <500ms average,,Task 1.1: Production Supabase Setup,,MEDIUM,3,pending,detailed_tasks.md,74
detailed_tasks.md_20,RLS policies block unauthorized access,,Task 1.1: Production Supabase Setup,,MEDIUM,3,pending,detailed_tasks.md,75
detailed_tasks.md_21,Real-time subscriptions working,,Task 1.1: Production Supabase Setup,,MEDIUM,3,pending,detailed_tasks.md,76
detailed_tasks.md_22,Backup and monitoring configured,,Task 1.1: Production Supabase Setup,,MEDIUM,3,pending,detailed_tasks.md,77
detailed_tasks.md_23,All environment variables properly configured,,Task 1.2: Environment Configuration,,MEDIUM,3,pending,detailed_tasks.md,105
detailed_tasks.md_24,Security headers implemented,,Task 1.2: Environment Configuration,,MEDIUM,3,pending,detailed_tasks.md,106
detailed_tasks.md_25,Rate limiting functional,,Task 1.2: Environment Configuration,,MEDIUM,3,pending,detailed_tasks.md,107
detailed_tasks.md_26,Performance optimizations active,,Task 1.2: Environment Configuration,,MEDIUM,3,pending,detailed_tasks.md,108
detailed_tasks.md_27,Health checks responding,,Task 1.2: Environment Configuration,,MEDIUM,3,pending,detailed_tasks.md,109
detailed_tasks.md_28,Viral score calculations accurate within 0.01,,Task 1.3: Viral Mechanics Function Testing,,MEDIUM,3,pending,detailed_tasks.md,166
detailed_tasks.md_29,Commission calculations 99.9%+ accurate,,Task 1.3: Viral Mechanics Function Testing,,MEDIUM,3,pending,detailed_tasks.md,167
detailed_tasks.md_30,Auto-featuring triggers at exactly 5 shares,,Task 1.3: Viral Mechanics Function Testing,,MEDIUM,3,pending,detailed_tasks.md,168
detailed_tasks.md_31,Pro showcase updates within 2 seconds,,Task 1.3: Viral Mechanics Function Testing,,MEDIUM,3,pending,detailed_tasks.md,169
detailed_tasks.md_32,All edge cases handled properly,,Task 1.3: Viral Mechanics Function Testing,,MEDIUM,3,pending,detailed_tasks.md,170
detailed_tasks.md_33,Viral score calculation: <200ms (P95),,Task 1.4: Performance Benchmarking,,MEDIUM,3,pending,detailed_tasks.md,238
detailed_tasks.md_34,Commission calculation: <100ms (P95),,Task 1.4: Performance Benchmarking,,MEDIUM,3,pending,detailed_tasks.md,239
detailed_tasks.md_35,Share tracking: <50ms (P95),,Task 1.4: Performance Benchmarking,,MEDIUM,3,pending,detailed_tasks.md,240
detailed_tasks.md_36,1000 concurrent users: <10 second response,,Task 1.4: Performance Benchmarking,,MEDIUM,3,pending,detailed_tasks.md,241
detailed_tasks.md_37,Database CPU usage <80% under load,,Task 1.4: Performance Benchmarking,,MEDIUM,3,pending,detailed_tasks.md,242
detailed_tasks.md_38,All user journeys complete without errors,,Task 2.1: End-to-End User Journey Testing,,MEDIUM,3,pending,detailed_tasks.md,309
detailed_tasks.md_39,Viral mechanics activate at correct thresholds,,Task 2.1: End-to-End User Journey Testing,,MEDIUM,3,pending,detailed_tasks.md,310
detailed_tasks.md_40,Commission calculations are accurate,,Task 2.1: End-to-End User Journey Testing,,MEDIUM,3,pending,detailed_tasks.md,311
detailed_tasks.md_41,Pro benefits are immediately available,,Task 2.1: End-to-End User Journey Testing,,MEDIUM,3,pending,detailed_tasks.md,312
detailed_tasks.md_42,Referral tracking is precise,,Task 2.1: End-to-End User Journey Testing,,MEDIUM,3,pending,detailed_tasks.md,313
detailed_tasks.md_43,All components render without errors,,Task 2.2: Frontend Component Integration Testing,,MEDIUM,3,pending,detailed_tasks.md,358
detailed_tasks.md_44,Real-time updates are working,,Task 2.2: Frontend Component Integration Testing,,MEDIUM,3,pending,detailed_tasks.md,359
detailed_tasks.md_45,User interactions trigger correct API calls,,Task 2.2: Frontend Component Integration Testing,,MEDIUM,3,pending,detailed_tasks.md,360
detailed_tasks.md_46,Data displays accurately,,Task 2.2: Frontend Component Integration Testing,,MEDIUM,3,pending,detailed_tasks.md,361
detailed_tasks.md_47,Loading states are handled properly,,Task 2.2: Frontend Component Integration Testing,,MEDIUM,3,pending,detailed_tasks.md,362
detailed_tasks.md_48,Model achieves >80% accuracy in viral score prediction,,Task 3.1: AI-Powered Viral Prediction Model,,MEDIUM,3,pending,detailed_tasks.md,436
detailed_tasks.md_49,Real-time predictions complete in <500ms,,Task 3.1: AI-Powered Viral Prediction Model,,MEDIUM,3,pending,detailed_tasks.md,437
detailed_tasks.md_50,Integration with viral score calculation,,Task 3.1: AI-Powered Viral Prediction Model,,MEDIUM,3,pending,detailed_tasks.md,438
detailed_tasks.md_51,A/B testing framework for model improvements,,Task 3.1: AI-Powered Viral Prediction Model,,MEDIUM,3,pending,detailed_tasks.md,439
detailed_tasks.md_52,Real-time viral metrics updates,,Task 3.2: Advanced Analytics Dashboard,,MEDIUM,3,pending,detailed_tasks.md,486
detailed_tasks.md_53,Interactive charts and visualizations,,Task 3.2: Advanced Analytics Dashboard,,MEDIUM,3,pending,detailed_tasks.md,487
detailed_tasks.md_54,Export functionality for data analysis,,Task 3.2: Advanced Analytics Dashboard,,MEDIUM,3,pending,detailed_tasks.md,488
detailed_tasks.md_55,Mobile-responsive design,,Task 3.2: Advanced Analytics Dashboard,,MEDIUM,3,pending,detailed_tasks.md,489
detailed_tasks.md_56,Performance optimized for large datasets,,Task 3.2: Advanced Analytics Dashboard,,MEDIUM,3,pending,detailed_tasks.md,490
detailed_tasks.md_57,Real-time fraud detection (<100ms),,Task 3.3: Fraud Detection and Prevention,,MEDIUM,3,pending,detailed_tasks.md,557
detailed_tasks.md_58,Automated response to suspicious activity,,Task 3.3: Fraud Detection and Prevention,,MEDIUM,3,pending,detailed_tasks.md,558
detailed_tasks.md_59,Manual review workflow for edge cases,,Task 3.3: Fraud Detection and Prevention,,LOW,2,pending,detailed_tasks.md,559
detailed_tasks.md_60,False positive rate <1%,,Task 3.3: Fraud Detection and Prevention,,MEDIUM,3,pending,detailed_tasks.md,560
detailed_tasks.md_61,Comprehensive audit logging,,Task 3.3: Fraud Detection and Prevention,,MEDIUM,3,pending,detailed_tasks.md,561
detailed_tasks.md_62,<100ms latency in all major regions,,Task 4.1: Multi-Region Deployment,,MEDIUM,3,pending,detailed_tasks.md,605
detailed_tasks.md_63,99.99% uptime across all regions,,Task 4.1: Multi-Region Deployment,,MEDIUM,3,pending,detailed_tasks.md,606
detailed_tasks.md_64,Automatic failover between regions,,Task 4.1: Multi-Region Deployment,,MEDIUM,3,pending,detailed_tasks.md,607
detailed_tasks.md_65,Data consistency across replicas,,Task 4.1: Multi-Region Deployment,,MEDIUM,3,pending,detailed_tasks.md,608
detailed_tasks.md_66,Support for 10+ major currencies,,Task 4.2: Advanced Commission System,,MEDIUM,3,pending,detailed_tasks.md,667
detailed_tasks.md_67,Real-time exchange rate updates,,Task 4.2: Advanced Commission System,,MEDIUM,3,pending,detailed_tasks.md,668
detailed_tasks.md_68,Geographic commission adjustments,,Task 4.2: Advanced Commission System,,MEDIUM,3,pending,detailed_tasks.md,669
detailed_tasks.md_69,Performance-based bonus calculations,,Task 4.2: Advanced Commission System,,MEDIUM,3,pending,detailed_tasks.md,670
detailed_tasks.md_70,Content quality scores correlate with viral performance,,Task 5.1: Content Optimization AI,,MEDIUM,3,pending,detailed_tasks.md,716
detailed_tasks.md_71,Automated suggestions improve viral scores by >20%,,Task 5.1: Content Optimization AI,,MEDIUM,3,pending,detailed_tasks.md,717
detailed_tasks.md_72,Real-time content analysis,,Task 5.1: Content Optimization AI,,MEDIUM,3,pending,detailed_tasks.md,718
detailed_tasks.md_73,A/B testing for content variations,,Task 5.1: Content Optimization AI,,MEDIUM,3,pending,detailed_tasks.md,719
detailed_tasks.md_74,User segments show distinct viral behaviors,,Task 5.2: Predictive User Segmentation,,MEDIUM,3,pending,detailed_tasks.md,760
detailed_tasks.md_75,Personalized recommendations increase viral coefficients,,Task 5.2: Predictive User Segmentation,,MEDIUM,3,pending,detailed_tasks.md,761
detailed_tasks.md_76,Segment-specific A/B testing capability,,Task 5.2: Predictive User Segmentation,,MEDIUM,3,pending,detailed_tasks.md,762
detailed_tasks.md_77,Real-time segment classification,,Task 5.2: Predictive User Segmentation,,MEDIUM,3,pending,detailed_tasks.md,763
detailed_tasks.md_78,Complete tenant isolation,,Task 6.1: White-Label Solution,,MEDIUM,3,pending,detailed_tasks.md,810
detailed_tasks.md_79,Custom branding implementation,,Task 6.1: White-Label Solution,,MEDIUM,3,pending,detailed_tasks.md,811
detailed_tasks.md_80,Per-tenant viral mechanics configuration,,Task 6.1: White-Label Solution,,MEDIUM,3,pending,detailed_tasks.md,812
detailed_tasks.md_81,Self-service tenant management,,Task 6.1: White-Label Solution,,MEDIUM,3,pending,detailed_tasks.md,813
detailed_tasks.md_82,RESTful API with >99.9% uptime,,Task 6.2: Enterprise API and Integrations,,MEDIUM,3,pending,detailed_tasks.md,852
detailed_tasks.md_83,GraphQL endpoint for complex queries,,Task 6.2: Enterprise API and Integrations,,MEDIUM,3,pending,detailed_tasks.md,853
detailed_tasks.md_84,Webhook system for real-time updates,,Task 6.2: Enterprise API and Integrations,,MEDIUM,3,pending,detailed_tasks.md,854
detailed_tasks.md_85,Rate limiting and authentication,,Task 6.2: Enterprise API and Integrations,,MEDIUM,3,pending,detailed_tasks.md,855
detailed_tasks.md_86,Real-time performance monitoring,,Task M.1: Advanced Monitoring Setup,,MEDIUM,3,pending,detailed_tasks.md,902
detailed_tasks.md_87,Automated alerting for issues,,Task M.1: Advanced Monitoring Setup,,MEDIUM,3,pending,detailed_tasks.md,903
detailed_tasks.md_88,Historical performance analysis,,Task M.1: Advanced Monitoring Setup,,MEDIUM,3,pending,detailed_tasks.md,904
detailed_tasks.md_89,Cost optimization recommendations,,Task M.1: Advanced Monitoring Setup,,MEDIUM,3,pending,detailed_tasks.md,905
detailed_tasks.md_90,Daily automated backups,,Task M.2: Data Backup and Recovery,,MEDIUM,3,pending,detailed_tasks.md,933
detailed_tasks.md_91,<4 hour recovery time objective,,Task M.2: Data Backup and Recovery,,MEDIUM,3,pending,detailed_tasks.md,934
detailed_tasks.md_92,Monthly recovery testing,,Task M.2: Data Backup and Recovery,,MEDIUM,3,pending,detailed_tasks.md,935
detailed_tasks.md_93,Cross-region backup storage,,Task M.2: Data Backup and Recovery,,MEDIUM,3,pending,detailed_tasks.md,936
